,dataset,rewiring,layer_type,num_iterations,alpha,eps,test_mean,test_ci,val_mean,val_ci,train_mean,train_ci,energy_mean,energy_ci,last_layer_fa
0,reddit,sdrf_bfc,R-GIN,10,0.1,0.001,89.2,1.0507140429250967,89.25,1.1157956802210707,87.83125000000001,1.2709555952117295,1.5115698110632028,0.054746021568590764,False
0,reddit,sdrf_bfc,R-GIN,10,0.1,0.001,89.2,1.0507140429250967,89.25,1.1157956802210707,87.83125000000001,1.2709555952117295,1.5115698110632028,0.054746021568590764,False
1,imdb,sdrf_bfc,R-GIN,10,0.1,0.001,73.5,3.0886890422961,72.19999999999999,2.6351470547200964,71.075,0.4626013402488154,0.14249051472716073,0.01714508168307681,False
0,reddit,sdrf_bfc,R-GIN,10,0.1,0.001,89.2,1.0507140429250967,89.25,1.1157956802210707,87.83125000000001,1.2709555952117295,1.5115698110632028,0.054746021568590764,False
1,imdb,sdrf_bfc,R-GIN,10,0.1,0.001,73.5,3.0886890422961,72.19999999999999,2.6351470547200964,71.075,0.4626013402488154,0.14249051472716073,0.01714508168307681,False
2,mutag,sdrf_bfc,R-GIN,10,0.1,0.001,89.49999999999999,2.9832867780352585,90.55555555555556,4.172218523448573,83.26666666666667,3.31166289213004,0.267928727124112,0.027337637874670355,False
0,reddit,sdrf_bfc,R-GIN,10,0.1,0.001,89.2,1.0507140429250967,89.25,1.1157956802210707,87.83125000000001,1.2709555952117295,1.5115698110632028,0.054746021568590764,False
1,imdb,sdrf_bfc,R-GIN,10,0.1,0.001,73.5,3.0886890422961,72.19999999999999,2.6351470547200964,71.075,0.4626013402488154,0.14249051472716073,0.01714508168307681,False
2,mutag,sdrf_bfc,R-GIN,10,0.1,0.001,89.49999999999999,2.9832867780352585,90.55555555555556,4.172218523448573,83.26666666666667,3.31166289213004,0.267928727124112,0.027337637874670355,False
3,enzymes,sdrf_bfc,R-GIN,10,0.1,0.001,46.333333333333336,2.2010098692292237,46.666666666666664,3.9157800414902435,63.95833333333333,6.996030620605119,0.15658739445033037,0.007078280312914029,False
0,reddit,sdrf_bfc,R-GIN,10,0.1,0.001,89.2,1.0507140429250967,89.25,1.1157956802210707,87.83125000000001,1.2709555952117295,1.5115698110632028,0.054746021568590764,False
1,imdb,sdrf_bfc,R-GIN,10,0.1,0.001,73.5,3.0886890422961,72.19999999999999,2.6351470547200964,71.075,0.4626013402488154,0.14249051472716073,0.01714508168307681,False
2,mutag,sdrf_bfc,R-GIN,10,0.1,0.001,89.49999999999999,2.9832867780352585,90.55555555555556,4.172218523448573,83.26666666666667,3.31166289213004,0.267928727124112,0.027337637874670355,False
3,enzymes,sdrf_bfc,R-GIN,10,0.1,0.001,46.333333333333336,2.2010098692292237,46.666666666666664,3.9157800414902435,63.95833333333333,6.996030620605119,0.15658739445033037,0.007078280312914029,False
4,proteins,sdrf_bfc,R-GIN,10,0.1,0.001,75.26785714285714,2.6969606854337926,73.51351351351352,1.5953833240489128,72.73033707865169,2.1157157177557657,0.1837076761247908,0.025652648442173288,False
0,reddit,sdrf_bfc,R-GIN,10,0.1,0.001,89.2,1.0507140429250967,89.25,1.1157956802210707,87.83125000000001,1.2709555952117295,1.5115698110632028,0.054746021568590764,False
1,imdb,sdrf_bfc,R-GIN,10,0.1,0.001,73.5,3.0886890422961,72.19999999999999,2.6351470547200964,71.075,0.4626013402488154,0.14249051472716073,0.01714508168307681,False
2,mutag,sdrf_bfc,R-GIN,10,0.1,0.001,89.49999999999999,2.9832867780352585,90.55555555555556,4.172218523448573,83.26666666666667,3.31166289213004,0.267928727124112,0.027337637874670355,False
3,enzymes,sdrf_bfc,R-GIN,10,0.1,0.001,46.333333333333336,2.2010098692292237,46.666666666666664,3.9157800414902435,63.95833333333333,6.996030620605119,0.15658739445033037,0.007078280312914029,False
4,proteins,sdrf_bfc,R-GIN,10,0.1,0.001,75.26785714285714,2.6969606854337926,73.51351351351352,1.5953833240489128,72.73033707865169,2.1157157177557657,0.1837076761247908,0.025652648442173288,False
5,collab,sdrf_bfc,R-GIN,10,0.1,0.001,77.18,1.1488428961350645,78.02,0.942252620054729,77.38000000000001,0.8893761858741219,0.317076956126654,0.07516267655272578,False
0,reddit,sdrf_bfc,R-GIN,3,0.1,0.001,88.4,1.2712198865656572,89.8,1.4085453489327222,87.59375,2.0175209106723044,1.555283863961484,0.10266224714601487,False
0,reddit,sdrf_bfc,R-GIN,3,0.1,0.001,88.4,1.2712198865656572,89.8,1.4085453489327222,87.59375,2.0175209106723044,1.555283863961484,0.10266224714601487,False
1,imdb,sdrf_bfc,R-GIN,3,0.1,0.001,70.6,3.2273828406310887,73.4,2.8312541390698223,69.76249999999999,1.5497782099384414,0.1603765532831183,0.03199788172265661,False
0,reddit,sdrf_bfc,R-GIN,3,0.1,0.001,88.4,1.2712198865656572,89.8,1.4085453489327222,87.59375,2.0175209106723044,1.555283863961484,0.10266224714601487,False
1,imdb,sdrf_bfc,R-GIN,3,0.1,0.001,70.6,3.2273828406310887,73.4,2.8312541390698223,69.76249999999999,1.5497782099384414,0.1603765532831183,0.03199788172265661,False
2,mutag,sdrf_bfc,R-GIN,3,0.1,0.001,93.0,3.521363372331802,88.8888888888889,5.443310539518172,80.93333333333334,4.259160063257125,0.26679924088541535,0.012855725749118762,False
0,reddit,sdrf_bfc,R-GIN,3,0.1,0.001,88.4,1.2712198865656572,89.8,1.4085453489327222,87.59375,2.0175209106723044,1.555283863961484,0.10266224714601487,False
1,imdb,sdrf_bfc,R-GIN,3,0.1,0.001,70.6,3.2273828406310887,73.4,2.8312541390698223,69.76249999999999,1.5497782099384414,0.1603765532831183,0.03199788172265661,False
2,mutag,sdrf_bfc,R-GIN,3,0.1,0.001,93.0,3.521363372331802,88.8888888888889,5.443310539518172,80.93333333333334,4.259160063257125,0.26679924088541535,0.012855725749118762,False
3,enzymes,sdrf_bfc,R-GIN,3,0.1,0.001,48.33333333333334,3.6209268304000712,51.0,2.836272984824353,70.75000000000001,3.005319358145561,0.18173279903209988,0.004766133373294704,False
