,dataset,rewiring,layer_type,num_iterations,brf_batch_add,brf_batch_remove,alpha,eps,test_mean,test_ci,val_mean,val_ci,train_mean,train_ci,energy_mean,energy_ci,last_layer_fa,rewiring_duration,run_duration
0,mutag,brf,GCN,1,3,0,0.1,0.001,73.0,0.03794733192202056,63.33333333333334,0.061262438898178756,66.0,0.008432740427115682,0.0,0.0,False,0.11204314231872559,38.309467792510986
0,mutag,brf,GCN,1,3,0,0.1,0.001,73.0,0.03794733192202056,63.33333333333334,0.061262438898178756,66.0,0.008432740427115682,0.0,0.0,False,0.11204314231872559,38.309467792510986
1,enzymes,brf,GCN,1,3,0,0.1,0.001,25.66666666666667,0.03657564459825387,27.333333333333332,0.03533962208186286,21.5,0.021616930093486135,0.0,0.0,False,277.9855525493622,100.39458703994751
0,mutag,brf,GCN,1,3,0,0.1,0.001,73.0,0.03794733192202056,63.33333333333334,0.061262438898178756,66.0,0.008432740427115682,0.0,0.0,False,0.11204314231872559,38.309467792510986
1,enzymes,brf,GCN,1,3,0,0.1,0.001,25.66666666666667,0.03657564459825387,27.333333333333332,0.03533962208186286,21.5,0.021616930093486135,0.0,0.0,False,277.9855525493622,100.39458703994751
2,imdb,brf,GCN,1,3,0,0.1,0.001,53.900000000000006,0.0310419071579051,54.7,0.02281227739617419,50.42500000000001,0.013942740046346712,0.0,0.0,False,510.83348989486694,145.76952052116394
0,mutag,brf,GCN,1,3,0,0.1,0.001,73.0,0.03794733192202056,63.33333333333334,0.061262438898178756,66.0,0.008432740427115682,0.0,0.0,False,0.11204314231872559,38.309467792510986
1,enzymes,brf,GCN,1,3,0,0.1,0.001,25.66666666666667,0.03657564459825387,27.333333333333332,0.03533962208186286,21.5,0.021616930093486135,0.0,0.0,False,277.9855525493622,100.39458703994751
2,imdb,brf,GCN,1,3,0,0.1,0.001,53.900000000000006,0.0310419071579051,54.7,0.02281227739617419,50.42500000000001,0.013942740046346712,0.0,0.0,False,510.83348989486694,145.76952052116394
3,proteins,brf,GCN,1,3,0,0.1,0.001,62.142857142857146,0.03275216148031537,63.42342342342342,0.024731329638592404,62.64044943820226,0.01060355122463282,0.0,0.0,False,566.772798538208,184.8863227367401
0,mutag,brf,GCN,2,3,0,0.1,0.001,65.0,0.05656854249492379,65.55555555555557,0.09401864800580526,66.8,0.012479316220584102,0.0,0.0,False,70.74743747711182,39.06070041656494
0,mutag,brf,GCN,1,3,1,0.1,0.001,70.0,0.09055385138137416,75.55555555555556,0.05258737584977437,67.46666666666667,0.016416793569729488,0.0,0.0,False,0.11203145980834961,44.69012260437012
0,mutag,brf,GCN,1,3,1,0.1,0.001,70.0,0.09055385138137416,75.55555555555556,0.05258737584977437,67.46666666666667,0.016416793569729488,0.0,0.0,False,0.11203145980834961,44.69012260437012
1,enzymes,brf,GCN,1,3,1,0.1,0.001,32.166666666666664,0.030203016773531453,29.83333333333333,0.02601281735350222,29.104166666666664,0.015207477144849213,0.0,0.0,False,286.37698578834534,137.83213829994202
0,mutag,brf,GCN,1,3,1,0.1,0.001,70.0,0.09055385138137416,75.55555555555556,0.05258737584977437,67.46666666666667,0.016416793569729488,0.0,0.0,False,0.11203145980834961,44.69012260437012
1,enzymes,brf,GCN,1,3,1,0.1,0.001,32.166666666666664,0.030203016773531453,29.83333333333333,0.02601281735350222,29.104166666666664,0.015207477144849213,0.0,0.0,False,286.37698578834534,137.83213829994202
2,imdb,brf,GCN,1,3,1,0.1,0.001,51.1,0.030783112253311883,50.6,0.03523634487287238,50.0875,0.005723307610114978,0.0,0.0,False,509.42849469184875,156.24498915672302
0,mutag,brf,GCN,1,3,1,0.1,0.001,70.0,0.09055385138137416,75.55555555555556,0.05258737584977437,67.46666666666667,0.016416793569729488,0.0,0.0,False,0.11203145980834961,44.69012260437012
1,enzymes,brf,GCN,1,3,1,0.1,0.001,32.166666666666664,0.030203016773531453,29.83333333333333,0.02601281735350222,29.104166666666664,0.015207477144849213,0.0,0.0,False,286.37698578834534,137.83213829994202
2,imdb,brf,GCN,1,3,1,0.1,0.001,51.1,0.030783112253311883,50.6,0.03523634487287238,50.0875,0.005723307610114978,0.0,0.0,False,509.42849469184875,156.24498915672302
3,proteins,brf,GCN,1,3,1,0.1,0.001,73.39285714285715,0.018350332255235902,71.98198198198199,0.014956040338340276,71.14606741573033,0.008138431136029184,0.0,0.0,False,569.7309818267822,204.2791097164154
0,mutag,brf,GCN,2,3,1,0.1,0.001,68.5,0.04254409477236529,67.77777777777779,0.05163977794943222,66.73333333333333,0.009697651491183033,0.0,0.0,False,0.11225366592407227,41.71419143676758
0,mutag,brf,GCN,2,3,1,0.1,0.001,68.5,0.04254409477236529,67.77777777777779,0.05163977794943222,66.73333333333333,0.009697651491183033,0.0,0.0,False,0.11225366592407227,41.71419143676758
1,enzymes,brf,GCN,2,3,1,0.1,0.001,27.833333333333332,0.02311805451253293,26.66666666666666,0.03299831645537221,26.70833333333334,0.018025830232074068,0.0,0.0,False,358.76100611686707,129.00763058662415
0,mutag,brf,GCN,2,3,1,0.1,0.001,68.5,0.04254409477236529,67.77777777777779,0.05163977794943222,66.73333333333333,0.009697651491183033,0.0,0.0,False,0.11225366592407227,41.71419143676758
1,enzymes,brf,GCN,2,3,1,0.1,0.001,27.833333333333332,0.02311805451253293,26.66666666666666,0.03299831645537221,26.70833333333334,0.018025830232074068,0.0,0.0,False,358.76100611686707,129.00763058662415
2,imdb,brf,GCN,2,3,1,0.1,0.001,51.800000000000004,0.022235107375499674,54.0,0.0340587727318528,49.800000000000004,0.005198557492228006,0.0,0.0,False,1029.1955540180206,150.3081557750702
0,mutag,brf,GCN,2,3,1,0.1,0.001,68.5,0.04254409477236529,67.77777777777779,0.05163977794943222,66.73333333333333,0.009697651491183033,0.0,0.0,False,0.11225366592407227,41.71419143676758
1,enzymes,brf,GCN,2,3,1,0.1,0.001,27.833333333333332,0.02311805451253293,26.66666666666666,0.03299831645537221,26.70833333333334,0.018025830232074068,0.0,0.0,False,358.76100611686707,129.00763058662415
2,imdb,brf,GCN,2,3,1,0.1,0.001,51.800000000000004,0.022235107375499674,54.0,0.0340587727318528,49.800000000000004,0.005198557492228006,0.0,0.0,False,1029.1955540180206,150.3081557750702
3,proteins,brf,GCN,2,3,1,0.1,0.001,72.67857142857143,0.0131707777961327,73.06306306306307,0.02227977289318866,70.12359550561797,0.006570488319214574,0.0,0.0,False,1145.9516787528992,193.7859103679657
0,mutag,brf,GCN,3,3,1,0.1,0.001,67.0,0.07509993342207434,72.77777777777776,0.06929984946450077,64.0,0.08464304132322069,0.0,0.0,False,107.73170924186707,48.216543674468994
0,mutag,brf,GCN,1,3,2,0.1,0.001,69.0,0.05796550698475775,71.66666666666666,0.05317104939557955,67.06666666666666,0.014508235209317799,0.0,0.0,False,36.172383308410645,41.776368141174316
0,mutag,brf,GCN,1,3,2,0.1,0.001,69.0,0.05796550698475775,71.66666666666666,0.05317104939557955,67.06666666666666,0.014508235209317799,0.0,0.0,False,36.172383308410645,41.776368141174316
1,enzymes,brf,GCN,1,3,2,0.1,0.001,30.0,0.02943920288775949,32.166666666666664,0.02750757471437034,27.625,0.013099512289479413,0.0,0.0,False,303.33901715278625,119.79625105857849
0,mutag,brf,GCN,1,3,2,0.1,0.001,69.0,0.05796550698475775,71.66666666666666,0.05317104939557955,67.06666666666666,0.014508235209317799,0.0,0.0,False,36.172383308410645,41.776368141174316
1,enzymes,brf,GCN,1,3,2,0.1,0.001,30.0,0.02943920288775949,32.166666666666664,0.02750757471437034,27.625,0.013099512289479413,0.0,0.0,False,303.33901715278625,119.79625105857849
2,imdb,brf,GCN,1,3,2,0.1,0.001,50.4,0.027597101297056552,48.99999999999999,0.03394112549695428,50.175000000000004,0.004156320488124071,0.0,0.0,False,517.8692972660065,150.83187341690063
0,mutag,brf,GCN,1,3,2,0.1,0.001,69.0,0.05796550698475775,71.66666666666666,0.05317104939557955,67.06666666666666,0.014508235209317799,0.0,0.0,False,36.172383308410645,41.776368141174316
1,enzymes,brf,GCN,1,3,2,0.1,0.001,30.0,0.02943920288775949,32.166666666666664,0.02750757471437034,27.625,0.013099512289479413,0.0,0.0,False,303.33901715278625,119.79625105857849
2,imdb,brf,GCN,1,3,2,0.1,0.001,50.4,0.027597101297056552,48.99999999999999,0.03394112549695428,50.175000000000004,0.004156320488124071,0.0,0.0,False,517.8692972660065,150.83187341690063
3,proteins,brf,GCN,1,3,2,0.1,0.001,73.125,0.01625882805727149,72.7927927927928,0.021288728630979345,71.19101123595506,0.007461215629464135,0.0,0.0,False,574.8814814090729,210.8139774799347
0,mutag,brf,GCN,2,3,2,0.1,0.001,71.5,0.06789698078707182,64.44444444444444,0.050184843513938725,67.0,0.009475113602367935,0.0,0.0,False,72.26190209388733,41.946030378341675
0,mutag,brf,GCN,3,3,2,0.1,0.001,67.5,0.0874642784226795,66.11111111111111,0.05317104939557955,66.66666666666666,0.01577621275493231,0.0,0.0,False,109.68773102760315,39.58717751502991
0,mutag,brf,GCN,1,3,3,0.1,0.001,69.5,0.06700746227100379,73.33333333333334,0.06813204318558175,68.19999999999999,0.025857730415143214,0.0,0.0,False,36.07402968406677,44.06242609024048
0,mutag,brf,GCN,1,3,3,0.1,0.001,69.5,0.06700746227100379,73.33333333333334,0.06813204318558175,68.19999999999999,0.025857730415143214,0.0,0.0,False,36.07402968406677,44.06242609024048
1,enzymes,brf,GCN,1,3,3,0.1,0.001,30.166666666666664,0.0317804971641414,29.166666666666668,0.02718251071716681,28.000000000000004,0.02227666940994546,0.0,0.0,False,301.3596706390381,129.3727490901947
0,mutag,brf,GCN,1,3,3,0.1,0.001,69.5,0.06700746227100379,73.33333333333334,0.06813204318558175,68.19999999999999,0.025857730415143214,0.0,0.0,False,36.07402968406677,44.06242609024048
1,enzymes,brf,GCN,1,3,3,0.1,0.001,30.166666666666664,0.0317804971641414,29.166666666666668,0.02718251071716681,28.000000000000004,0.02227666940994546,0.0,0.0,False,301.3596706390381,129.3727490901947
2,imdb,brf,GCN,1,3,3,0.1,0.001,53.29999999999999,0.031119125951735854,51.0,0.01833030277982337,49.8375,0.005679458600958366,0.0,0.0,False,517.5338668823242,159.65291619300842
0,mutag,brf,GCN,1,3,3,0.1,0.001,69.5,0.06700746227100379,73.33333333333334,0.06813204318558175,68.19999999999999,0.025857730415143214,0.0,0.0,False,36.07402968406677,44.06242609024048
1,enzymes,brf,GCN,1,3,3,0.1,0.001,30.166666666666664,0.0317804971641414,29.166666666666668,0.02718251071716681,28.000000000000004,0.02227666940994546,0.0,0.0,False,301.3596706390381,129.3727490901947
2,imdb,brf,GCN,1,3,3,0.1,0.001,53.29999999999999,0.031119125951735854,51.0,0.01833030277982337,49.8375,0.005679458600958366,0.0,0.0,False,517.5338668823242,159.65291619300842
3,proteins,brf,GCN,1,3,3,0.1,0.001,73.66071428571429,0.0243866076495494,71.8018018018018,0.03121332357930125,70.51685393258427,0.004417316809098645,0.0,0.0,False,577.3795802593231,206.96905183792114
0,mutag,brf,GCN,2,3,3,0.1,0.001,65.0,0.052915026221291815,62.22222222222222,0.058373002384727535,67.19999999999999,0.012899612397277691,0.0,0.0,False,72.9364926815033,40.83900737762451
0,mutag,brf,GCN,3,3,3,0.1,0.001,62.0,0.04732863826479692,60.0,0.06629526173411689,67.93333333333334,0.010405126941400897,0.0,0.0,False,110.33021807670593,38.38643503189087
0,mutag,brf,GCN,1,4,0,0.1,0.001,65.49999999999999,0.05558776843874918,68.33333333333333,0.03162277660168379,66.39999999999999,0.007589466384404117,0.0,0.0,False,36.16590905189514,39.317288398742676
0,mutag,brf,GCN,1,4,0,0.1,0.001,65.49999999999999,0.05558776843874918,68.33333333333333,0.03162277660168379,66.39999999999999,0.007589466384404117,0.0,0.0,False,36.16590905189514,39.317288398742676
1,enzymes,brf,GCN,1,4,0,0.1,0.001,27.333333333333332,0.03062315754094893,22.666666666666664,0.018973665961010272,20.708333333333336,0.015300236018513644,0.0,0.0,False,301.7203748226166,102.28467011451721
0,mutag,brf,GCN,1,4,0,0.1,0.001,65.49999999999999,0.05558776843874918,68.33333333333333,0.03162277660168379,66.39999999999999,0.007589466384404117,0.0,0.0,False,36.16590905189514,39.317288398742676
1,enzymes,brf,GCN,1,4,0,0.1,0.001,27.333333333333332,0.03062315754094893,22.666666666666664,0.018973665961010272,20.708333333333336,0.015300236018513644,0.0,0.0,False,301.7203748226166,102.28467011451721
2,imdb,brf,GCN,1,4,0,0.1,0.001,54.6,0.02715879231482872,49.800000000000004,0.02589208373229162,50.324999999999996,0.011203794000248315,0.0,0.0,False,518.0724079608917,158.18509244918823
0,mutag,brf,GCN,1,4,0,0.1,0.001,65.49999999999999,0.05558776843874918,68.33333333333333,0.03162277660168379,66.39999999999999,0.007589466384404117,0.0,0.0,False,36.16590905189514,39.317288398742676
1,enzymes,brf,GCN,1,4,0,0.1,0.001,27.333333333333332,0.03062315754094893,22.666666666666664,0.018973665961010272,20.708333333333336,0.015300236018513644,0.0,0.0,False,301.7203748226166,102.28467011451721
2,imdb,brf,GCN,1,4,0,0.1,0.001,54.6,0.02715879231482872,49.800000000000004,0.02589208373229162,50.324999999999996,0.011203794000248315,0.0,0.0,False,518.0724079608917,158.18509244918823
3,proteins,brf,GCN,1,4,0,0.1,0.001,65.98214285714285,0.0280590212493128,62.88288288288288,0.026822045500437312,63.41573033707865,0.01319237019969965,0.0,0.0,False,576.4474177360535,190.6428415775299
0,mutag,brf,GCN,2,4,0,0.1,0.001,64.5,0.04571651780264984,61.66666666666666,0.06929984946450077,67.33333333333333,0.008640987597877153,0.0,0.0,False,71.44390487670898,38.65718197822571
0,mutag,brf,GCN,1,4,1,0.1,0.001,78.49999999999999,0.06008327554319921,82.22222222222223,0.04388537257362554,71.66666666666667,0.03151013946159059,0.0,0.0,False,36.78710865974426,52.86803913116455
0,mutag,brf,GCN,1,4,1,0.1,0.001,78.49999999999999,0.06008327554319921,82.22222222222223,0.04388537257362554,71.66666666666667,0.03151013946159059,0.0,0.0,False,36.78710865974426,52.86803913116455
1,enzymes,brf,GCN,1,4,1,0.1,0.001,29.5,0.037133393177689655,29.833333333333336,0.031428932176861775,27.187499999999996,0.007342087577794206,0.0,0.0,False,302.93201422691345,113.48656630516052
0,mutag,brf,GCN,1,4,1,0.1,0.001,78.49999999999999,0.06008327554319921,82.22222222222223,0.04388537257362554,71.66666666666667,0.03151013946159059,0.0,0.0,False,36.78710865974426,52.86803913116455
1,enzymes,brf,GCN,1,4,1,0.1,0.001,29.5,0.037133393177689655,29.833333333333336,0.031428932176861775,27.187499999999996,0.007342087577794206,0.0,0.0,False,302.93201422691345,113.48656630516052
2,imdb,brf,GCN,1,4,1,0.1,0.001,52.900000000000006,0.021061813787041216,52.6,0.024690078979217545,49.6625,0.005037980746291113,0.0,0.0,False,521.8374226093292,151.0329978466034
0,mutag,brf,GCN,1,4,1,0.1,0.001,78.49999999999999,0.06008327554319921,82.22222222222223,0.04388537257362554,71.66666666666667,0.03151013946159059,0.0,0.0,False,36.78710865974426,52.86803913116455
1,enzymes,brf,GCN,1,4,1,0.1,0.001,29.5,0.037133393177689655,29.833333333333336,0.031428932176861775,27.187499999999996,0.007342087577794206,0.0,0.0,False,302.93201422691345,113.48656630516052
2,imdb,brf,GCN,1,4,1,0.1,0.001,52.900000000000006,0.021061813787041216,52.6,0.024690078979217545,49.6625,0.005037980746291113,0.0,0.0,False,521.8374226093292,151.0329978466034
3,proteins,brf,GCN,1,4,1,0.1,0.001,73.75,0.023173040282154764,75.58558558558559,0.03571478427887192,70.96629213483145,0.0072483667716219035,0.0,0.0,False,580.4502551555634,221.0020718574524
0,mutag,brf,GCN,2,4,1,0.1,0.001,70.5,0.07134423592694787,73.88888888888889,0.03865006029094686,68.86666666666666,0.022473688319158178,0.0,0.0,False,74.51097536087036,47.51372051239014
0,mutag,brf,GCN,2,4,1,0.1,0.001,70.5,0.07134423592694787,73.88888888888889,0.03865006029094686,68.86666666666666,0.022473688319158178,0.0,0.0,False,74.51097536087036,47.51372051239014
1,enzymes,brf,GCN,2,4,1,0.1,0.001,27.166666666666668,0.021628170930011105,29.5,0.031287200080686174,26.041666666666664,0.01718970945394689,0.0,0.0,False,608.0424385070801,122.72749066352844
0,mutag,brf,GCN,2,4,1,0.1,0.001,70.5,0.07134423592694787,73.88888888888889,0.03865006029094686,68.86666666666666,0.022473688319158178,0.0,0.0,False,74.51097536087036,47.51372051239014
1,enzymes,brf,GCN,2,4,1,0.1,0.001,27.166666666666668,0.021628170930011105,29.5,0.031287200080686174,26.041666666666664,0.01718970945394689,0.0,0.0,False,608.0424385070801,122.72749066352844
2,imdb,brf,GCN,2,4,1,0.1,0.001,50.7,0.030338094864378023,51.0,0.01833030277982337,50.0375,0.0049377373360680096,0.0,0.0,False,1047.1045498847961,150.06356954574585
0,mutag,brf,GCN,2,4,1,0.1,0.001,70.5,0.07134423592694787,73.88888888888889,0.03865006029094686,68.86666666666666,0.022473688319158178,0.0,0.0,False,74.51097536087036,47.51372051239014
1,enzymes,brf,GCN,2,4,1,0.1,0.001,27.166666666666668,0.021628170930011105,29.5,0.031287200080686174,26.041666666666664,0.01718970945394689,0.0,0.0,False,608.0424385070801,122.72749066352844
2,imdb,brf,GCN,2,4,1,0.1,0.001,50.7,0.030338094864378023,51.0,0.01833030277982337,50.0375,0.0049377373360680096,0.0,0.0,False,1047.1045498847961,150.06356954574585
3,proteins,brf,GCN,2,4,1,0.1,0.001,73.92857142857143,0.02497447676721012,73.6036036036036,0.029170275264609125,71.30337078651685,0.006269622648978624,0.0,0.0,False,1164.2490367889404,213.0662865638733
0,mutag,brf,GCN,3,4,1,0.1,0.001,73.0,0.06196773353931866,66.11111111111111,0.06373169066533325,68.73333333333333,0.015137884778117304,0.0,0.0,False,110.96503925323486,48.730157136917114
0,mutag,brf,GCN,1,4,2,0.1,0.001,62.500000000000014,0.0874642784226795,68.33333333333333,0.044583116994975275,67.26666666666667,0.010232844722319957,0.0,0.0,False,37.608863830566406,39.413065671920776
0,mutag,brf,GCN,1,4,2,0.1,0.001,62.500000000000014,0.0874642784226795,68.33333333333333,0.044583116994975275,67.26666666666667,0.010232844722319957,0.0,0.0,False,37.608863830566406,39.413065671920776
1,enzymes,brf,GCN,1,4,2,0.1,0.001,29.833333333333336,0.03314949304120485,30.166666666666664,0.03142893217686178,28.500000000000004,0.018274526897660945,0.0,0.0,False,305.51693058013916,128.16441440582275
0,mutag,brf,GCN,1,4,2,0.1,0.001,62.500000000000014,0.0874642784226795,68.33333333333333,0.044583116994975275,67.26666666666667,0.010232844722319957,0.0,0.0,False,37.608863830566406,39.413065671920776
1,enzymes,brf,GCN,1,4,2,0.1,0.001,29.833333333333336,0.03314949304120485,30.166666666666664,0.03142893217686178,28.500000000000004,0.018274526897660945,0.0,0.0,False,305.51693058013916,128.16441440582275
2,imdb,brf,GCN,1,4,2,0.1,0.001,51.49999999999999,0.02004993765576342,54.39999999999999,0.03252076259868456,50.724999999999994,0.021221451411248936,0.0,0.0,False,523.1626470088959,156.35646629333496
0,mutag,brf,GCN,1,4,2,0.1,0.001,62.500000000000014,0.0874642784226795,68.33333333333333,0.044583116994975275,67.26666666666667,0.010232844722319957,0.0,0.0,False,37.608863830566406,39.413065671920776
1,enzymes,brf,GCN,1,4,2,0.1,0.001,29.833333333333336,0.03314949304120485,30.166666666666664,0.03142893217686178,28.500000000000004,0.018274526897660945,0.0,0.0,False,305.51693058013916,128.16441440582275
2,imdb,brf,GCN,1,4,2,0.1,0.001,51.49999999999999,0.02004993765576342,54.39999999999999,0.03252076259868456,50.724999999999994,0.021221451411248936,0.0,0.0,False,523.1626470088959,156.35646629333496
3,proteins,brf,GCN,1,4,2,0.1,0.001,75.17857142857143,0.02297958277449344,72.61261261261261,0.022243314395691494,70.28089887640448,0.00799728523562888,0.0,0.0,False,582.6971468925476,198.8595974445343
0,mutag,brf,GCN,2,4,2,0.1,0.001,63.5,0.040124805295477746,64.44444444444444,0.06516834799384523,67.86666666666667,0.00700476028616731,0.0,0.0,False,74.13022828102112,40.41107535362244
0,mutag,brf,GCN,3,4,2,0.1,0.001,63.5,0.03478505426185217,67.77777777777777,0.049190985824841445,66.73333333333333,0.003977715704047014,0.0,0.0,False,110.85841608047485,38.3167839050293
0,mutag,brf,GCN,1,4,3,0.1,0.001,68.5,0.06332456079595025,69.44444444444444,0.04779069592801458,70.26666666666668,0.033049457887636614,0.0,0.0,False,37.09732484817505,46.58184790611267
0,mutag,brf,GCN,1,4,3,0.1,0.001,68.5,0.06332456079595025,69.44444444444444,0.04779069592801458,70.26666666666668,0.033049457887636614,0.0,0.0,False,37.09732484817505,46.58184790611267
1,enzymes,brf,GCN,1,4,3,0.1,0.001,30.166666666666664,0.030349812373573433,28.666666666666664,0.013165611772087662,26.749999999999996,0.019624955767819932,0.0,0.0,False,304.82000255584717,115.58142709732056
0,mutag,brf,GCN,1,4,3,0.1,0.001,68.5,0.06332456079595025,69.44444444444444,0.04779069592801458,70.26666666666668,0.033049457887636614,0.0,0.0,False,37.09732484817505,46.58184790611267
1,enzymes,brf,GCN,1,4,3,0.1,0.001,30.166666666666664,0.030349812373573433,28.666666666666664,0.013165611772087662,26.749999999999996,0.019624955767819932,0.0,0.0,False,304.82000255584717,115.58142709732056
2,imdb,brf,GCN,1,4,3,0.1,0.001,54.89999999999999,0.017765134392961957,53.2,0.02923012145031217,49.974999999999994,0.005785758377257031,0.0,0.0,False,524.0102851390839,157.57546162605286
0,mutag,brf,GCN,1,4,3,0.1,0.001,68.5,0.06332456079595025,69.44444444444444,0.04779069592801458,70.26666666666668,0.033049457887636614,0.0,0.0,False,37.09732484817505,46.58184790611267
1,enzymes,brf,GCN,1,4,3,0.1,0.001,30.166666666666664,0.030349812373573433,28.666666666666664,0.013165611772087662,26.749999999999996,0.019624955767819932,0.0,0.0,False,304.82000255584717,115.58142709732056
2,imdb,brf,GCN,1,4,3,0.1,0.001,54.89999999999999,0.017765134392961957,53.2,0.02923012145031217,49.974999999999994,0.005785758377257031,0.0,0.0,False,524.0102851390839,157.57546162605286
3,proteins,brf,GCN,1,4,3,0.1,0.001,71.42857142857142,0.025253813613805267,73.69369369369369,0.020981515860194064,70.58426966292134,0.003110553972673851,0.0,0.0,False,586.0486192703247,210.4994614124298
0,mutag,brf,GCN,2,4,3,0.1,0.001,66.0,0.05796550698475776,68.33333333333333,0.049814470603244204,66.53333333333333,0.010464755664185926,0.0,0.0,False,74.3837525844574,38.39612793922424
0,mutag,brf,GCN,3,4,3,0.1,0.001,60.50000000000001,0.057358521598799936,67.77777777777779,0.049190985824841445,67.13333333333334,0.011933147112141038,0.0,0.0,False,113.52231240272522,39.60272789001465
0,mutag,brf,GCN,1,5,0,0.1,0.001,67.5,0.049497474683058325,64.44444444444444,0.039126259692575556,66.6,0.008934328302800524,0.0,0.0,False,37.30051398277283,38.31033706665039
0,mutag,brf,GCN,1,5,0,0.1,0.001,67.5,0.049497474683058325,64.44444444444444,0.039126259692575556,66.6,0.008934328302800524,0.0,0.0,False,37.30051398277283,38.31033706665039
1,enzymes,brf,GCN,1,5,0,0.1,0.001,26.16666666666666,0.023593784492248516,24.833333333333336,0.02024845673131658,21.000000000000004,0.01360147050873544,0.0,0.0,False,307.2683115005493,104.68447041511536
0,mutag,brf,GCN,1,5,0,0.1,0.001,67.5,0.049497474683058325,64.44444444444444,0.039126259692575556,66.6,0.008934328302800524,0.0,0.0,False,37.30051398277283,38.31033706665039
1,enzymes,brf,GCN,1,5,0,0.1,0.001,26.16666666666666,0.023593784492248516,24.833333333333336,0.02024845673131658,21.000000000000004,0.01360147050873544,0.0,0.0,False,307.2683115005493,104.68447041511536
2,imdb,brf,GCN,1,5,0,0.1,0.001,51.800000000000004,0.028397182958878154,50.69999999999999,0.02800714194629648,50.0,0.004344536799245689,0.0,0.0,False,524.4724354743958,143.29440116882324
0,mutag,brf,GCN,1,5,0,0.1,0.001,67.5,0.049497474683058325,64.44444444444444,0.039126259692575556,66.6,0.008934328302800524,0.0,0.0,False,37.30051398277283,38.31033706665039
1,enzymes,brf,GCN,1,5,0,0.1,0.001,26.16666666666666,0.023593784492248516,24.833333333333336,0.02024845673131658,21.000000000000004,0.01360147050873544,0.0,0.0,False,307.2683115005493,104.68447041511536
2,imdb,brf,GCN,1,5,0,0.1,0.001,51.800000000000004,0.028397182958878154,50.69999999999999,0.02800714194629648,50.0,0.004344536799245689,0.0,0.0,False,524.4724354743958,143.29440116882324
3,proteins,brf,GCN,1,5,0,0.1,0.001,63.30357142857144,0.03208824726040514,64.14414414414415,0.03682029484524626,62.52808988764045,0.012561174634301122,0.0,0.0,False,586.0302257537842,191.02207159996033
0,mutag,brf,GCN,2,5,0,0.1,0.001,69.5,0.05375872022286244,66.11111111111111,0.050796130891833144,66.13333333333333,0.011745448290957475,0.0,0.0,False,73.9660964012146,39.61965370178223
0,mutag,brf,GCN,1,5,1,0.1,0.001,77.0,0.08854377448471462,73.33333333333333,0.058373002384727556,67.33333333333333,0.031608718909679194,0.0,0.0,False,38.385058879852295,43.00572967529297
0,mutag,brf,GCN,1,5,1,0.1,0.001,77.0,0.08854377448471462,73.33333333333333,0.058373002384727556,67.33333333333333,0.031608718909679194,0.0,0.0,False,38.385058879852295,43.00572967529297
1,enzymes,brf,GCN,1,5,1,0.1,0.001,27.999999999999996,0.02440400695696416,29.666666666666664,0.028596814119369623,26.10416666666666,0.008859434707323786,0.0,0.0,False,310.0113613605499,119.26053762435913
0,mutag,brf,GCN,1,5,1,0.1,0.001,77.0,0.08854377448471462,73.33333333333333,0.058373002384727556,67.33333333333333,0.031608718909679194,0.0,0.0,False,38.385058879852295,43.00572967529297
1,enzymes,brf,GCN,1,5,1,0.1,0.001,27.999999999999996,0.02440400695696416,29.666666666666664,0.028596814119369623,26.10416666666666,0.008859434707323786,0.0,0.0,False,310.0113613605499,119.26053762435913
2,imdb,brf,GCN,1,5,1,0.1,0.001,50.29999999999999,0.036556805112044455,49.9,0.04293716339023806,50.54999999999998,0.005746738205277847,0.0,0.0,False,531.6636648178101,151.6794707775116
0,mutag,brf,GCN,1,5,1,0.1,0.001,77.0,0.08854377448471462,73.33333333333333,0.058373002384727556,67.33333333333333,0.031608718909679194,0.0,0.0,False,38.385058879852295,43.00572967529297
1,enzymes,brf,GCN,1,5,1,0.1,0.001,27.999999999999996,0.02440400695696416,29.666666666666664,0.028596814119369623,26.10416666666666,0.008859434707323786,0.0,0.0,False,310.0113613605499,119.26053762435913
2,imdb,brf,GCN,1,5,1,0.1,0.001,50.29999999999999,0.036556805112044455,49.9,0.04293716339023806,50.54999999999998,0.005746738205277847,0.0,0.0,False,531.6636648178101,151.6794707775116
3,proteins,brf,GCN,1,5,1,0.1,0.001,71.69642857142857,0.026851110644759986,72.61261261261261,0.015749025861918665,70.95505617977528,0.00530118027509458,0.0,0.0,False,596.0513105392456,190.9372181892395
0,mutag,brf,GCN,2,5,1,0.1,0.001,65.5,0.05375872022286244,61.66666666666666,0.045677343980209915,67.93333333333334,0.007411702458499897,0.0,0.0,False,75.63583779335022,41.57146906852722
0,mutag,brf,GCN,2,5,1,0.1,0.001,65.5,0.05375872022286244,61.66666666666666,0.045677343980209915,67.93333333333334,0.007411702458499897,0.0,0.0,False,75.63583779335022,41.57146906852722
1,enzymes,brf,GCN,2,5,1,0.1,0.001,26.833333333333325,0.0276686746259295,29.666666666666668,0.036757463338907254,25.395833333333336,0.012616815278737257,0.0,0.0,False,619.860515832901,122.16111350059509
0,mutag,brf,GCN,2,5,1,0.1,0.001,65.5,0.05375872022286244,61.66666666666666,0.045677343980209915,67.93333333333334,0.007411702458499897,0.0,0.0,False,75.63583779335022,41.57146906852722
1,enzymes,brf,GCN,2,5,1,0.1,0.001,26.833333333333325,0.0276686746259295,29.666666666666668,0.036757463338907254,25.395833333333336,0.012616815278737257,0.0,0.0,False,619.860515832901,122.16111350059509
2,imdb,brf,GCN,2,5,1,0.1,0.001,50.69999999999999,0.02209977375449803,51.300000000000004,0.03578267737327658,50.025,0.004135214625627053,0.0,0.0,False,1069.5341277122498,151.91828608512878
0,mutag,brf,GCN,2,5,1,0.1,0.001,65.5,0.05375872022286244,61.66666666666666,0.045677343980209915,67.93333333333334,0.007411702458499897,0.0,0.0,False,75.63583779335022,41.57146906852722
1,enzymes,brf,GCN,2,5,1,0.1,0.001,26.833333333333325,0.0276686746259295,29.666666666666668,0.036757463338907254,25.395833333333336,0.012616815278737257,0.0,0.0,False,619.860515832901,122.16111350059509
2,imdb,brf,GCN,2,5,1,0.1,0.001,50.69999999999999,0.02209977375449803,51.300000000000004,0.03578267737327658,50.025,0.004135214625627053,0.0,0.0,False,1069.5341277122498,151.91828608512878
3,proteins,brf,GCN,2,5,1,0.1,0.001,75.26785714285715,0.020210941167029865,73.42342342342342,0.021508714209573555,70.53932584269663,0.0053064169503444295,0.0,0.0,False,1190.6375570297241,213.74835586547852
0,mutag,brf,GCN,3,5,1,0.1,0.001,77.0,0.06511528238439881,66.66666666666666,0.087488976377909,67.13333333333334,0.021586003695810756,0.0,0.0,False,116.60458111763,45.192891359329224
0,mutag,brf,GCN,1,5,2,0.1,0.001,70.5,0.05375872022286245,69.44444444444444,0.11138854253201898,67.86666666666666,0.018455953571198176,0.0,0.0,False,38.905336141586304,44.641602993011475
0,mutag,brf,GCN,1,5,2,0.1,0.001,70.5,0.05375872022286245,69.44444444444444,0.11138854253201898,67.86666666666666,0.018455953571198176,0.0,0.0,False,38.905336141586304,44.641602993011475
1,enzymes,brf,GCN,1,5,2,0.1,0.001,30.83333333333333,0.022236106773543894,31.5,0.034140233677518304,27.66666666666667,0.01125462867742275,0.0,0.0,False,313.7912483215332,133.14252996444702
0,mutag,brf,GCN,1,5,2,0.1,0.001,70.5,0.05375872022286245,69.44444444444444,0.11138854253201898,67.86666666666666,0.018455953571198176,0.0,0.0,False,38.905336141586304,44.641602993011475
1,enzymes,brf,GCN,1,5,2,0.1,0.001,30.83333333333333,0.022236106773543894,31.5,0.034140233677518304,27.66666666666667,0.01125462867742275,0.0,0.0,False,313.7912483215332,133.14252996444702
2,imdb,brf,GCN,1,5,2,0.1,0.001,51.0,0.045343136195018535,48.3,0.040104862548075125,50.387499999999996,0.005189532734264222,0.0,0.0,False,537.7498943805695,154.03858542442322
0,mutag,brf,GCN,1,5,2,0.1,0.001,70.5,0.05375872022286245,69.44444444444444,0.11138854253201898,67.86666666666666,0.018455953571198176,0.0,0.0,False,38.905336141586304,44.641602993011475
1,enzymes,brf,GCN,1,5,2,0.1,0.001,30.83333333333333,0.022236106773543894,31.5,0.034140233677518304,27.66666666666667,0.01125462867742275,0.0,0.0,False,313.7912483215332,133.14252996444702
2,imdb,brf,GCN,1,5,2,0.1,0.001,51.0,0.045343136195018535,48.3,0.040104862548075125,50.387499999999996,0.005189532734264222,0.0,0.0,False,537.7498943805695,154.03858542442322
3,proteins,brf,GCN,1,5,2,0.1,0.001,73.03571428571429,0.01613084255805173,73.24324324324326,0.015299408803858574,70.24719101123596,0.006503667402754066,0.0,0.0,False,599.6738770008087,194.79868602752686
0,mutag,brf,GCN,2,5,2,0.1,0.001,74.00000000000001,0.07042726744663604,65.55555555555557,0.0699205898780101,69.39999999999999,0.028312541390698224,0.0,0.0,False,77.87258338928223,47.705437660217285
0,mutag,brf,GCN,3,5,2,0.1,0.001,72.99999999999999,0.0322490309931942,70.55555555555554,0.06295206877429019,65.8,0.010336558636434295,0.0,0.0,False,117.45213270187378,40.48149299621582
0,mutag,brf,GCN,1,5,3,0.1,0.001,74.50000000000001,0.05375872022286246,69.44444444444444,0.07243558228002941,68.93333333333334,0.03583666651164232,0.0,0.0,False,38.24784803390503,41.682026863098145
0,mutag,brf,GCN,1,5,3,0.1,0.001,74.50000000000001,0.05375872022286246,69.44444444444444,0.07243558228002941,68.93333333333334,0.03583666651164232,0.0,0.0,False,38.24784803390503,41.682026863098145
1,enzymes,brf,GCN,1,5,3,0.1,0.001,30.166666666666664,0.021317702607092637,31.5,0.03414023367751831,25.95833333333334,0.014710162775744145,0.0,0.0,False,313.68185472488403,129.05394387245178
0,mutag,brf,GCN,1,5,3,0.1,0.001,74.50000000000001,0.05375872022286246,69.44444444444444,0.07243558228002941,68.93333333333334,0.03583666651164232,0.0,0.0,False,38.24784803390503,41.682026863098145
1,enzymes,brf,GCN,1,5,3,0.1,0.001,30.166666666666664,0.021317702607092637,31.5,0.03414023367751831,25.95833333333334,0.014710162775744145,0.0,0.0,False,313.68185472488403,129.05394387245178
2,imdb,brf,GCN,1,5,3,0.1,0.001,51.2,0.014642404174178504,50.6,0.038491557515902095,49.95,0.0042602816808281554,0.0,0.0,False,539.7402148246765,157.11185908317566
0,mutag,brf,GCN,1,5,3,0.1,0.001,74.50000000000001,0.05375872022286246,69.44444444444444,0.07243558228002941,68.93333333333334,0.03583666651164232,0.0,0.0,False,38.24784803390503,41.682026863098145
1,enzymes,brf,GCN,1,5,3,0.1,0.001,30.166666666666664,0.021317702607092637,31.5,0.03414023367751831,25.95833333333334,0.014710162775744145,0.0,0.0,False,313.68185472488403,129.05394387245178
2,imdb,brf,GCN,1,5,3,0.1,0.001,51.2,0.014642404174178504,50.6,0.038491557515902095,49.95,0.0042602816808281554,0.0,0.0,False,539.7402148246765,157.11185908317566
3,proteins,brf,GCN,1,5,3,0.1,0.001,71.78571428571429,0.028593741287497282,71.8018018018018,0.025487694983433496,70.6067415730337,0.011105762575279893,0.0,0.0,False,602.8033986091614,217.73320627212524
0,mutag,brf,GCN,2,5,3,0.1,0.001,71.00000000000001,0.041952353926806074,71.11111111111111,0.037843080813169776,65.8,0.008651268372004455,0.0,0.0,False,77.84906601905823,40.14808654785156
0,mutag,brf,GCN,3,5,3,0.1,0.001,71.0,0.050596442562694056,67.77777777777779,0.09532271373123206,66.2,0.011477514248883908,0.0,0.0,False,116.88865828514099,42.62899136543274
0,mutag,brf,GCN,1,5,3,0.1,0.001,72.99999999999999,0.04939635614091388,72.22222222222221,0.08461970117626563,69.66666666666667,0.03583914681524164,0.0,0.0,False,0.11358833312988281,45.670594215393066
0,mutag,brf,GCN,1,5,3,0.1,0.001,72.99999999999999,0.04939635614091388,72.22222222222221,0.08461970117626563,69.66666666666667,0.03583914681524164,0.0,0.0,False,0.11358833312988281,45.670594215393066
1,enzymes,brf,GCN,1,5,3,0.1,0.001,30.666666666666664,0.018378731669453623,29.333333333333332,0.03565264521898917,27.083333333333332,0.010069204977995475,0.0,0.0,False,0.13747930526733398,129.10224723815918
0,mutag,brf,GCN,1,5,3,0.1,0.001,72.99999999999999,0.04939635614091388,72.22222222222221,0.08461970117626563,69.66666666666667,0.03583914681524164,0.0,0.0,False,0.11358833312988281,45.670594215393066
1,enzymes,brf,GCN,1,5,3,0.1,0.001,30.666666666666664,0.018378731669453623,29.333333333333332,0.03565264521898917,27.083333333333332,0.010069204977995475,0.0,0.0,False,0.13747930526733398,129.10224723815918
2,imdb,brf,GCN,1,5,3,0.1,0.001,51.7,0.013579396157414375,51.4,0.009465727652959393,49.962499999999984,0.0016601957715883838,0.0,0.0,False,0.23608684539794922,152.381902217865
0,mutag,brf,GCN,1,5,3,0.1,0.001,72.99999999999999,0.04939635614091388,72.22222222222221,0.08461970117626563,69.66666666666667,0.03583914681524164,0.0,0.0,False,0.11358833312988281,45.670594215393066
1,enzymes,brf,GCN,1,5,3,0.1,0.001,30.666666666666664,0.018378731669453623,29.333333333333332,0.03565264521898917,27.083333333333332,0.010069204977995475,0.0,0.0,False,0.13747930526733398,129.10224723815918
2,imdb,brf,GCN,1,5,3,0.1,0.001,51.7,0.013579396157414375,51.4,0.009465727652959393,49.962499999999984,0.0016601957715883838,0.0,0.0,False,0.23608684539794922,152.381902217865
3,proteins,brf,GCN,1,5,3,0.1,0.001,72.32142857142857,0.020203050891044214,72.34234234234235,0.01592328006867438,70.67415730337079,0.0047881518545308975,0.0,0.0,False,0.25577402114868164,198.21743154525757
0,mutag,brf,GCN,2,5,3,0.1,0.001,63.5,0.04701063709417262,75.0,0.05719794522770555,66.86666666666666,0.01436662799685438,0.0,0.0,False,0.11329531669616699,42.50403165817261
0,mutag,brf,GCN,3,5,3,0.1,0.001,69.0,0.04857983120596448,68.88888888888889,0.057089922571845,66.06666666666668,0.010057611821677921,0.0,0.0,False,0.11332225799560547,39.81399393081665
0,mutag,brf,GCN,3,5,3,0.1,0.001,68.0,0.05865151319446072,67.77777777777777,0.060450980038824174,66.73333333333333,0.012429355932182855,0.0,0.0,False,0.1134955883026123,41.201712131500244
0,mutag,brf,GCN,3,5,3,0.1,0.001,66.5,0.074899933244296,65.55555555555554,0.0699205898780101,66.93333333333334,0.009276014469827239,0.0,0.0,False,0.1135098934173584,39.65815806388855
0,mutag,brf,GCN,1,3,1,0.1,0.001,73.50000000000001,0.06935416353759881,71.66666666666667,0.07927137325216428,71.6,0.029284808348357002,0.0,0.0,False,0.1132345199584961,52.15491485595703
0,mutag,brf,GCN,1,3,1,0.1,0.001,71.50000000000001,0.06640783086353597,71.11111111111111,0.053977590228849424,69.6,0.026209413067318645,0.0,0.0,False,0.11263608932495117,48.79324293136597
0,mutag,brf,GCN,1,3,1,0.1,0.001,68.5,0.09803060746521976,72.77777777777777,0.06176418715416576,68.4,0.021014280858501905,0.0,0.0,False,0.11314892768859863,45.09987688064575
0,mutag,brf,GCN,1,3,1,0.1,0.001,70.0,0.054772255750516606,71.66666666666669,0.09743627230397223,69.33333333333334,0.020044395171163878,0.0,0.0,False,0.11259627342224121,47.22109389305115
